title,publishedAt,date
"Market Trading Guide: M&M, PNB and Titagarh Rail among 8 stocks to buy on Thursday. Up to 15% upside seen in near term",2025-07-16 14:55:23+00:00,2025-07-16
"Reliance Power board approves Rs 6,000 crore fundraising plan via QIP",2025-07-16 14:27:14+00:00,2025-07-16
"Nifty Crucial Support At 24,900–25,100",2025-07-16 13:57:08+00:00,2025-07-16
"SBI launches Rs 25,000 crore QIP, floor price at Rs 811.05 per share",2025-07-16 12:27:42+00:00,2025-07-16
Sensex rises! But these stocks fell 5% or more in Wednesday's session,2025-07-16 12:03:03+00:00,2025-07-16
NotebookLM Opens Up to a Wider World. Meet Its New Curated Collection of Expert Insights,2025-07-16 12:00:13+00:00,2025-07-16
Donkey Kong Bananza,2025-07-16 12:00:00+00:00,2025-07-16
Donkey Kong Bananza,2025-07-16 12:00:00+00:00,2025-07-16
HP OmniBook X Flip 14 review: Speedy and spicy,2025-07-16 12:00:00+00:00,2025-07-16
Stock market update: Nifty IT index advances 0.63%,2025-07-16 11:57:41+00:00,2025-07-16
"SBI board approves up to Rs 20,000 crore bond issue under Basel III norms",2025-07-16 11:57:20+00:00,2025-07-16
Stock market update: Nifty Pharma index falls 0.32%,2025-07-16 11:52:33+00:00,2025-07-16
Stock market update: Nifty Bank index advances 0.28%,2025-07-16 11:46:38+00:00,2025-07-16
"SBI, UCO Bank and other PSU lenders rally up to 3% on report of govt weighing fresh reform push",2025-07-16 11:39:14+00:00,2025-07-16
Stock market update: Fertilisers stocks up as market rises,2025-07-16 11:36:26+00:00,2025-07-16
Sensex rises! These stocks rallied over 15% on BSE in today's trade,2025-07-16 11:31:04+00:00,2025-07-16
ITC Hotels shares rally up to 7% after Q1 PAT jumps 54% YoY to Rs 133 crore,2025-07-16 11:29:18+00:00,2025-07-16
"OnePlus added a proprietary watch charger to its phone charging cable, because why not",2025-07-16 11:24:55+00:00,2025-07-16
Stock market update: Nifty Realty index advances 0.5%,2025-07-16 11:20:41+00:00,2025-07-16
"Sensex, Nifty 50 flat as earnings season, global cues keep traders on edge; PSU Banks outperform",2025-07-16 11:20:33+00:00,2025-07-16
"Gainers & Losers: Ola Electric, Network18 among 6 stocks that moved today’s market",2025-07-16 11:20:15+00:00,2025-07-16
Share market update: Most active stocks in today's market in terms of volume,2025-07-16 11:10:15+00:00,2025-07-16
Stock market update: Stocks that hit 52-week lows on NSE in today's trade,2025-07-16 11:04:57+00:00,2025-07-16
Stock market update: Sugar stocks down as market rises,2025-07-16 10:59:48+00:00,2025-07-16
"Tech Mahindra Q1 Results: Cons PAT surges 34% YoY to Rs 1,141 crore, misses Street estimates",2025-07-16 10:51:46+00:00,2025-07-16
Rupee falls 18 paise to close at 85.94 against US dollar,2025-07-16 10:47:25+00:00,2025-07-16
Stock market update: FMCG stocks up as market rises,2025-07-16 10:41:42+00:00,2025-07-16
"Stock markets edge up amid weak global market trends, tariff-related uncertainty",2025-07-16 10:39:39+00:00,2025-07-16
Stock market update: Stocks that hit 52-week highs on NSE in today's trade,2025-07-16 10:36:36+00:00,2025-07-16
"Nifty, Sensex End Flat Amid Asia-Wide Decline",2025-07-16 10:34:47+00:00,2025-07-16
Share market update: Most active stocks of the day in terms of traded value,2025-07-16 10:30:09+00:00,2025-07-16
"Rupee falls as US inflation jitters dent Fed rate cut bets, hoist dollar",2025-07-16 10:20:57+00:00,2025-07-16
"Nifty Top Gainers, Losers On July 16: M&M, Wipro To Shriram Finance, Eternal",2025-07-16 10:19:57+00:00,2025-07-16
Arctic Fox facts: 8 fascinating things to know,2025-07-16 10:16:53+00:00,2025-07-16
"Market Wrap: Sensex adds 63 points, Nifty above 25,200 as PSU banks, IT stocks lift D-Street",2025-07-16 10:09:31+00:00,2025-07-16
Caitlin Clark leaves Fever's win in tears as she appears to suffer injury,2025-07-16 09:59:46+00:00,2025-07-16
JioBlackRock Asset Management gets Sebi's nod to launch 4 mutual fund schemes,2025-07-16 09:52:03+00:00,2025-07-16
"Mutual Funds bet big on 9 microcaps stocks, 2 turn multibaggers in CY25",2025-07-16 09:19:29+00:00,2025-07-16
"Nifty may hit 26,889 in a year: PL Capital’s top 17 stock ideas to ride the rally",2025-07-16 08:59:47+00:00,2025-07-16
ITC Hotels Q1 Results: Cons PAT jumps 54% YoY to Rs 133 crore; revenue advances 15%,2025-07-16 08:41:17+00:00,2025-07-16
"Sectoral churn here to stay, focus on consumer-centric themes: Hari Shyamsunder",2025-07-16 08:32:40+00:00,2025-07-16
"SBI board approves fundraising of up to Rs 20,000 crore via bonds",2025-07-16 08:13:14+00:00,2025-07-16
"Sensex, Nifty 50 swing amid earnings jitters; SBI, Nestle lead gainers, auto stocks lag",2025-07-16 08:12:00+00:00,2025-07-16
The road to returns: Why cheaper isn’t always better in passive funds or in life,2025-07-16 08:01:52+00:00,2025-07-16
Luxury development boom stokes jump in Indian real estate shares,2025-07-16 07:33:25+00:00,2025-07-16
Gmail now makes setting up an appointment much easier for everyone,2025-07-16 06:32:37+00:00,2025-07-16
JioBlackRock Launches Four New Mutual Funds - Three In Equity For First Time,2025-07-16 06:19:03+00:00,2025-07-16
Stock market update: Nifty Bank index advances 0.02% in a weak market,2025-07-16 05:59:46+00:00,2025-07-16
Share market update: Most active stocks on D-Street today in terms of volume,2025-07-16 05:54:31+00:00,2025-07-16
MFs’ June Picks: 12 smallcap stocks rally up to 75% in just over a month,2025-07-16 05:49:18+00:00,2025-07-16
Stock market update: Stocks that hit 52-week lows on NSE,2025-07-16 05:44:04+00:00,2025-07-16
Stock market update: Sugar stocks up as market falls,2025-07-16 05:38:51+00:00,2025-07-16
Stock market update: Nifty IT index advances 0.14% in a weak market,2025-07-16 05:33:29+00:00,2025-07-16
Stock market update: Nifty Realty index advances 0.27% in a weak market,2025-07-16 05:28:14+00:00,2025-07-16
"EEVblog 1695 – Mailbag: Robin RCD Tester, PCB Book, USB Knob, Geekom IT12 Mini PC",2025-07-16 05:27:59+00:00,2025-07-16
"Nifty Bank Prediction today – Jul 16, 2025: Index may consolidate, stay out",2025-07-16 05:23:20+00:00,2025-07-16
Stock market update: Mining stocks up as market falls,2025-07-16 05:22:47+00:00,2025-07-16
Stock market update: Stocks that hit 52-week highs on NSE,2025-07-16 05:17:29+00:00,2025-07-16
Stock market update: Nifty Pharma index falls 0.28% in a weak market,2025-07-16 05:11:03+00:00,2025-07-16
"Nifty Prediction Today – July 16, 2025: Nifty 50 July Futures: Can go either way. Stay out",2025-07-16 05:10:31+00:00,2025-07-16
Rupee falls 22 paise to 85.98 against US dollar in early trade,2025-07-16 05:06:37+00:00,2025-07-16
Stock market update: Fertilisers stocks down as market falls,2025-07-16 05:05:46+00:00,2025-07-16
"Tata Communications Q1 Results: Date, Share Price History, Earnings Call Schedule And More",2025-07-16 05:05:10+00:00,2025-07-16
Stock market update: Nifty Auto index falls 0.81% in a weak market,2025-07-16 05:00:31+00:00,2025-07-16
Stock market update: Power stocks up as market falls,2025-07-16 04:50:03+00:00,2025-07-16
"Sensex, Nifty 50 slip marginally amid cautious trade, eyes on earnings & US trade talks",2025-07-16 04:45:22+00:00,2025-07-16
Sensex falls! But these stocks are up over 10% on BSE,2025-07-16 04:44:42+00:00,2025-07-16
Sensex falls! These stocks are down 5% or more on BSE,2025-07-16 04:39:28+00:00,2025-07-16
Sensex falls! But these stocks are up over 15% on BSE,2025-07-16 04:34:19+00:00,2025-07-16
Rupee falls 22 paise to 85.98 against US dollar in early trade,2025-07-16 04:31:51+00:00,2025-07-16
"Mutual funds dump Rs 1,700 crore in 9 defence stocks. Too expensive to buy or smart exit?",2025-07-16 04:31:33+00:00,2025-07-16
Share market update: Most active stocks of the day in terms of total traded value,2025-07-16 04:29:07+00:00,2025-07-16
"Positive on auto, expect rate cuts to revive PV, two-wheeler sales: Varun Goel",2025-07-16 04:25:27+00:00,2025-07-16
"Sensex falls over 150 pts, Nifty below 25,150; auto, metal stocks top drags",2025-07-16 04:03:13+00:00,2025-07-16
Sensex gains after 4-day losing streak,2025-07-16 03:38:27+00:00,2025-07-16
"HDFC Bank to mull bonus issue, special interim dividend on July 19",2025-07-16 03:32:50+00:00,2025-07-16
"ETMarkets Smart Talk: From quality to timing – here is closer look at QUEST framework powering stock picks at Quest investment, says Rajkumar",2025-07-16 03:30:00+00:00,2025-07-16
"Swan Energy, Apar Industries among 6 stocks tht rose above VWAP on July 15",2025-07-16 03:24:36+00:00,2025-07-16
These 9 Nifty stocks showing RSI Trending Up on July 15,2025-07-16 03:15:27+00:00,2025-07-16
"Indonesia launches 5-year US dollar Islamic bond, 10-year green sukuk, term sheet shows",2025-07-16 03:03:36+00:00,2025-07-16
Show HN: Longplay comes to the Mac – developer's commentary,2025-07-16 02:58:25+00:00,2025-07-16
2 top stock picks from Vinay Rajani for near term,2025-07-16 02:31:00+00:00,2025-07-16
Fractal shareholders raise $172 mn in pre-IPO secondary deal,2025-07-16 02:02:21+00:00,2025-07-16
Sensex Today | Stock Market LIVE Updates: GIFT Nifty signals a negative start; Asian shares trade lower,2025-07-16 01:49:04+00:00,2025-07-16
‘I Don’t Throw a Cutter!’ Mic’d Up Clayton Kershaw Rejects Broadcaster’s Pitch Request Mid-Windup During All-Star Game,2025-07-16 01:47:22+00:00,2025-07-16
5 reasons why I still prefer Perplexity over every other AI chatbot,2025-07-16 01:38:00+00:00,2025-07-16
Stock Market Live Updates 16 July 2025: Stock to buy today: HDFC Asset Management Company,2025-07-16 01:04:18+00:00,2025-07-16
What Jane Street ban means for our markets,2025-07-16 01:00:00+00:00,2025-07-16
"Day Trading Guide for July 16, 2025: Intraday supports, resistances for Nifty50 stocks",2025-07-16 00:30:00+00:00,2025-07-16
All You Need To Know Going Into Trade On Wednesday,2025-07-16 00:30:00+00:00,2025-07-16
What makes passive funds a smart choice for long-term investors?,2025-07-16 00:29:35+00:00,2025-07-16
India's wealthy investors turn to crypto assets as traditional markets stagnate,2025-07-15 23:55:46+00:00,2025-07-15
"Financials, pharma, and select few lead the pack as funds turn cautious",2025-07-15 18:47:40+00:00,2025-07-15
2025 Recruiting: Ty Haywood,2025-07-15 18:12:29+00:00,2025-07-15
Our biggest questions about ChromeOS and Android merging,2025-07-15 17:43:48+00:00,2025-07-15
Camp Snap Screen-Free Digital Camera,2025-07-15 16:37:35+00:00,2025-07-15
Camp Snap Screen-Free Digital Camera,2025-07-15 16:37:35+00:00,2025-07-15
Sword of the Demon Hunter ‒ Episode 14,2025-07-15 16:30:00+00:00,2025-07-15
Ahead of Market: 10 things that will decide stock market action on Wednesday,2025-07-15 16:00:38+00:00,2025-07-15
Shave $320 Off the Shark Matrix Plus and Let This Handy Robot Handle Your Floors,2025-07-15 15:47:43+00:00,2025-07-15
