source,author,title,description,url,urlToImage,publishedAt,content,date,sentiment_score
"{'id': None, 'name': 'Hackaday'}",Lewin Day,Shadow Clock Shows The Time On The Wall,"What if you build a clock that displayed the time not just on its own, but in its shadows as well? [Lewis] from [DIY Machines] has done just that, with a nifty 3D-printed shadow clock build. The cl…",https://hackaday.com/2025/07/05/shadow-clock-shows-the-time-on-the-wall/,https://hackaday.com/wp-content/uploads/2025/06/How-I-made-this-amazing-PROJECTING-HOLLOW-CLOCK-DIY-Project-Guide-0-15-screenshot.png,2025-07-06 02:00:00+00:00,"What if you build a clock that displayed the time not just on its own, but in its shadows as well? [Lewis] from [DIY Machines] has done just that, with a nifty 3D-printed shadow clock build.
The clo… [+1287 chars]",2025-07-06,-0.9999989970402794
"{'id': None, 'name': 'Gizmodo.com'}",Ed Cara,Need a Testosterone Boost? Maybe Try Some Ozempic,New research finds that men taking a GLP-1 for their obesity or type 2 diabetes often experience a rise in testosterone levels.,https://gizmodo.com/need-a-testosterone-boost-maybe-try-some-ozempic-2000628911,https://gizmodo.com/app/uploads/2025/07/ozempic-prep-1200x675.jpg,2025-07-14 19:00:00+00:00,"Is there anything that Ozempic and drugs like it can’t do? A study out today finds that GLP-1 medications often raise men’s testosterone.
Scientists in St. Louis, Missouri, led the research, which s… [+3157 chars]",2025-07-14,-0.9991557899629697
"{'id': 'the-verge', 'name': 'The Verge'}",Antonio G. Di Benedetto,Our biggest questions about ChromeOS and Android merging,"Samit Sarkar, Google's head of Android ecosystems, recently confirmed that Android and ChromeOS will be merged into a single platform, reigniting a slew of questions about the future of the operating systems. Combining them makes sense. It made sense way back…",https://www.theverge.com/google/707041/google-chromeos-android-os-merger-questions-phones-chromebooks-laptops-tablets,https://platform.theverge.com/wp-content/uploads/sites/2/2025/07/257814_Lenovo_Chromebook_Plus_14_laptop_review_ADiBenedetto_0020.jpg?quality=90&strip=all&crop=0%2C10.732984293194%2C100%2C78.534031413613&w=1200,2025-07-15 17:43:48+00:00,"Weve had over a decade of will they, wont they. But what happens if it finally happens?
Samit Sarkar, Googles head of Android ecosystems, recently confirmed that Android and ChromeOS will be merged … [+5580 chars]",2025-07-15,0.9814958665519953
"{'id': None, 'name': 'Android Central'}","harish.jonnalagadda@futurenet.com (Harish Jonnalagadda) , Harish Jonnalagadda",Satechi's FindAll trackers ensure you never lose anything again,Satechi has a new travel-focused FindAll collection that ensures your valuables are trackable on the Find My network.,https://www.androidcentral.com/accessories/satechi-findall-trackers-ensure-you-never-lose-anything-again,https://cdn.mos.cms.futurecdn.net/Jj2X6sKMdicwGUWAaYNcxY.jpg,2025-07-10 07:10:33+00:00,"Satechi makes some of the best charging and everyday use accessories, and it recently started focusing on travel accessories. The OntheGo collection sees Qi 2 charging pads, and Satechi is following … [+1856 chars]",2025-07-10,-0.16076979041099548
"{'id': 'espn', 'name': 'ESPN'}",Sam Marsden,Barcelona unveil 2025-26 home kit for return to Camp Nou,Lamine Yamal and Barcelona will be wearing the club's classic stripes but with a modern twist when they go home to Camp Nou after two years at Montjuïc.,https://www.espn.com/soccer/story/_/id/45640991/barcelona-unveil-2025-26-home-kit-return-camp-nou,https://a.espncdn.com/combiner/i?img=%2Fphoto%2F2025%2F0702%2Fr1513891_1232x693_16%2D9.png,2025-07-02 11:20:07+00:00,"Lamine Yamal and Barcelona will be wearing the club's classic stripes but with a modern twist when they go home to Camp Nou after two years at Montjuïc. FC Barcelona
Barcelona have revealed their fr… [+1221 chars]",2025-07-02,-0.9978862676071003
"{'id': None, 'name': 'Android Authority'}",Hadlee Simons,Gmail now makes setting up an appointment much easier for everyone,Google has announced that Gmail's nifty new appointment scheduling feature is now available for all users.,https://www.androidauthority.com/gmail-appointment-scheduling-release-3577894/,https://www.androidauthority.com/wp-content/uploads/2021/12/Gmail-on-smartphone-and-tablet-stock-photo-7.jpg,2025-07-16 06:32:37+00:00,<ul><li>Google now lets all users share a Google Calendar appointment booking page in Gmail.</li><li>This allows you to easily propose appointment slots with others via email.</li><li>This general re… [+1550 chars],2025-07-16,-0.00896770495455712
"{'id': None, 'name': 'Android Central'}","techkritiko@gmail.com (Jay Bonggolto) , Jay Bonggolto",One UI 8 beta makes ditching background noise from your audio and video way easier,Samsung’s AI Audio Eraser is now quicker and plays nice with more apps in One UI 8.,https://www.androidcentral.com/phones/samsung-galaxy/one-ui-8-beta-makes-ditching-background-noise-from-your-audio-and-video-way-easier,https://cdn.mos.cms.futurecdn.net/eureNKD9Ghykt2KMRKoMjn.jpg,2025-07-06 13:44:34+00:00,"What you need to know
<ul><li>One UI 8 beta is supposedly testing a new Audio Eraser that zaps background noise live as you watch.</li><li>Instead of digging through menus, just tap the Audio Eraser… [+2527 chars]",2025-07-06,-0.8142579412087798
"{'id': None, 'name': 'Android Central'}","harish.jonnalagadda@futurenet.com (Harish Jonnalagadda) , Harish Jonnalagadda",These external SSDs are delightfully different — and they're on sale,Aiffro's P10 Plus and P30 deserve your attention.,https://www.androidcentral.com/accessories/storage/aiffro-external-ssd-delightfully-different,https://cdn.mos.cms.futurecdn.net/bsnZZ4dsQx83a5DfUshth7.jpg,2025-07-07 05:08:53+00:00,"There's no shortage of options if you want an external SSD, and a new entrant called Aiffro is looking to break its way into this category. The P10 Plus and P30 have interesting features, but they're… [+2578 chars]",2025-07-07,-0.9996290432027308
"{'id': None, 'name': 'Android Central'}","namerah.saud-fatmi@futurenet.com (Namerah Saud Fatmi) , Namerah Saud Fatmi",The OnePlus 13R offers better value than most other Android phones — here's why it belongs on your Prime Day wish list,"Amidst the cutthroat competition in the Android phone world, the OnePlus 13R stands out as the valiant champion of those on a budget.",https://www.androidcentral.com/phones/oneplus/i-dont-believe-any-phone-delivers-better-value-than-the-oneplus-13r,https://cdn.mos.cms.futurecdn.net/qEK3Wim66oAJaiGzVToLXo.jpg,2025-07-01 14:00:00+00:00,"If you're looking to buy a new phone but don't want to spend more than $500 to $600, the OnePlus 13R is the best phone that money can buy. In fact, I am confident that there isn't a better value deal… [+3332 chars]",2025-07-01,-1.6293216376084274e-07
"{'id': None, 'name': 'Android Central'}","shruti.shekar@futurenet.com (Shruti Shekar) , Shruti Shekar",Prime Day 4: The FINAL day for snagging these top staff pick deals as low as $6,"Amazon's biggest sale of the year is almost over, and we're rounding up our favourite deals of the day for your convenience!",https://www.androidcentral.com/phones/prime-day-4-the-final-day-for-snagging-these-top-staff-pick-deals,https://cdn.mos.cms.futurecdn.net/YHeJQ6YZag3cErWo4pCjFY.jpeg,2025-07-11 19:47:03+00:00,"It's the final day of Prime Day 2025, which ran from July 8-11. The deals are still live, though, and this will be your last chance to snag what you want for less money.
But we know how overwhelming… [+3378 chars]",2025-07-11,-0.9997953661877546
"{'id': None, 'name': 'Core77.com'}",Rain Noe,Urbanisto: An E-Bike That Quick-Changes Into a Cargo Bike,"Urbanisto is an e-bike with a nifty feature: You can quickly change it from a standard bike to a cargo bike, tool-free. Flipping a latch releases the front fork, which you can then remove to plug in the longer cargo-hauling module, or vice versa. 
The bike w…",https://www.core77.com/posts/137643/Urbanisto-An-E-Bike-That-Quick-Changes-Into-a-Cargo-Bike,https://s3files.core77.com/blog/images/lead_n_spotlight/1735143_lead_400_137643_.jpg,2025-07-07 13:00:00+00:00,"Urbanisto is an e-bike with a nifty feature: You can quickly change it from a standard bike to a cargo bike, tool-free. Flipping a latch releases the front fork, which you can then remove to plug in … [+911 chars]",2025-07-07,-0.9999677156811231
"{'id': 'the-times-of-india', 'name': 'The Times of India'}",ET Now,2 top stock recommendations from CA Rudramurthy,"CA Rudramurthy BV advises buying on dips in Nifty until it stays above 25,000, with 25,200 as strong support. He suggests similar strategy for Bank Nifty above 56,000, anticipating positive Q1 results to drive market highs. Top sector picks include Defence (B…",https://economictimes.indiatimes.com/markets/expert-view/2-top-stock-recommendations-from-ca-rudramurthy/articleshow/122245921.cms,"https://img.etimg.com/thumb/msid-122245893,width-1200,height-630,imgsize-20964,overlay-etmarkets/articleshow.jpg",2025-07-04 08:42:13+00:00,"""Till we are above 25,000 on Nifty, this market is a buy on every dip. I will completely change my stand once we close below 25,000 or else use every dips to 25,200 as a buying opportunity in Nifty a… [+3958 chars]",2025-07-04,-0.9998534251571982
"{'id': 'the-times-of-india', 'name': 'The Times of India'}",Nishanth Vasudevan,Retail traders lose Rs 1.05 lakh crore in FY25 amid Jane Street manipulation allegations,"Sebi's study reveals retail traders in equity derivatives lost ₹1.05 lakh crore in FY25, a 41% increase from the previous year. Simultaneously, Sebi issued an interim order against Jane Street for allegedly manipulating India's stock indices, specifically Ban…",https://economictimes.indiatimes.com/markets/stocks/news/retail-traders-lose-rs-1-05-lakh-crore-in-fy25-amid-jane-street-manipulation-allegations/articleshow/122329964.cms,"https://img.etimg.com/thumb/msid-122330031,width-1200,height-630,imgsize-394272,overlay-etmarkets/articleshow.jpg",2025-07-08 23:53:23+00:00,"Mumbai: The Securities and Exchange Board of India's (Sebi) latest study showed that retail traders in equity derivatives made losses of 1.05 lakh crore in FY25, a 41% increase from 74,812 crore in F… [+5269 chars]",2025-07-08,0.999927889495666
"{'id': None, 'name': 'Android Authority'}",Hadlee Simons,"OnePlus added a proprietary watch charger to its phone charging cable, because why not","OnePlus has revealed a cool two-in-one charging cable, allowing you to simultaneously charge a OnePlus watch and smartphone.",https://www.androidauthority.com/oneplus-2-in-1-charging-cable-3577991/,https://www.androidauthority.com/wp-content/uploads/2025/07/OnePlus-2-in-1-SuperVOOC-cable-official-image.jpg,2025-07-16 11:24:55+00:00,<ul><li>OnePlus has launched a new two-in-one SuperVOOC charging cable.</li><li>The cable allows you to simultaneously charge a smartphone and OnePlus smartwatch.</li><li>Expect to pay $29.99 for the… [+1488 chars],2025-07-16,-0.996213064994663
"{'id': None, 'name': 'Economictimes.com'}",Prashant Mahesh,What makes passive funds a smart choice for long-term investors?,"Fund houses are increasingly launching passive funds, including ETFs and index funds, which replicate market indices for low-cost, diversified exposure. These funds are gaining traction as large fund houses expand their offerings, particularly in equity indic…",https://m.economictimes.com/mf/analysis/what-makes-passive-funds-a-smart-choice-for-long-term-investors/articleshow/122542565.cms,"https://img.etimg.com/thumb/msid-122542550,width-1200,height-630,imgsize-21604,overlay-etwealthmutualfunds/articleshow.jpg",2025-07-16 00:29:35+00:00,"Fund houses are making several launches in the passive space, where portfolios merely mimic the underlying index. They are gaining popularity as they offer a simple and low-cost way to gain exposure … [+2701 chars]",2025-07-16,-0.008059332212724257
"{'id': None, 'name': 'Forbes'}","Brett Owens, Contributor, 
 Brett Owens, Contributor
 https://www.forbes.com/sites/brettowens/",Secure Dividends Up To 12% From The $3+ Trillion ‘Human Bailout’,A nifty dividend duo—with yields of 9% and 12%—is ready for takeoff. Thanks to Uncle Sam’s spending bender coinciding with the rise of the machines.,https://www.forbes.com/sites/brettowens/2025/07/15/secure-dividends-up-to-12-from-the-3-trillion-human-bailout/,https://imageio.forbes.com/specials-images/imageserve/68728561e931798a2fef5909/0x0.jpg?format=jpg&height=900&width=1600&fit=bounds,2025-07-15 12:45:00+00:00,"High Yield, Low Risk Road Sign
getty
A nifty dividend duowith yields of 9% and 12%is ready for takeoff. Thanks to Uncle Sams spending bender coinciding with the rise of the machines.
Big tech stoc… [+4538 chars]",2025-07-15,-0.1960749039426446
"{'id': 'the-times-of-india', 'name': 'The Times of India'}",Shivendra Kumar,"SBI board approves fundraising of up to Rs 20,000 crore via bonds","State Bank of India's board has approved raising Rs 20,000 crore through Basel III-compliant bonds, leading to a share price increase of over 2%. While SBI shares have underperformed over the past year, they have shown recent gains, outperforming the Nifty in…",https://economictimes.indiatimes.com/markets/bonds/sbi-board-approves-fundraising-of-up-to-rs-20000-crore-via-bonds/articleshow/122565363.cms,"https://img.etimg.com/thumb/msid-122565323,width-1200,height-630,imgsize-71322,overlay-etmarkets/articleshow.jpg",2025-07-16 08:13:14+00:00,"The board of India's largest public lender, State Bank of India (SBI), on Wednesday approved a plan to raise funds worth Rs 20,000 crore in INR through the issuance of Basel III-compliant Additional … [+1317 chars]",2025-07-16,-0.9999774383472868
"{'id': None, 'name': 'New Atlas'}",Utkarsh Sood,Honda is set to bring the e-clutch to its beginner 250cc bikes,"Honda’s e-clutch tech is a nifty piece of tech that was first introduced in 2023. While it already comes as standard on the current CBR650R and CB650R models in the US, Honda is set to bring the tech to its entry-level motorcycles. And rightly so.Continue Rea…",https://newatlas.com/motorcycles/honda-e-clutch-250cc/,https://assets.newatlas.com/dims4/default/dbb7e80/2147483647/strip/true/crop/1536x806+0+106/resize/1200x630!/quality/90/?url=https%3A%2F%2Fnewatlas-brightspot.s3.amazonaws.com%2Fdc%2Fc5%2F9fa027c84994b91fa1d3233d1530%2Fe-clutch-hero-banner-mobile.jpg&na.image_optimisation=0,2025-07-08 12:12:08+00:00,"Hondas e-clutch tech is a nifty piece of tech that was first introduced in 2023. While it already comes as standard on the current CBR650R and CB650R models in the US, Honda is set to bring the tech … [+2462 chars]",2025-07-08,-0.9999845069423827
"{'id': None, 'name': 'Windows Central'}","samuelwtolbert@gmail.com (Samuel Tolbert) , Samuel Tolbert","Razer BlackShark V2 Pro gets noteworthy sale ahead of Prime Day — ""One of the best Xbox headsets you can buy right now""","The Razer BlackShark V2 Pro is one of the Windows Central team's favorite Xbox headsets, and you can grab it on sale right now.",https://www.windowscentral.com/gaming/razer-blackshark-v2-pro-xbox-amazon-prime-day-2025,https://cdn.mos.cms.futurecdn.net/arofVXf855fWpsDu7X8J9.jpg,2025-07-07 21:40:00+00:00,"Technically, Amazon Prime Day is kicking off on Tuesday, July 8, 2025. Even so, there's a few great sales already live, including a discount on the Razer BlackShark V2 Pro for Xbox. This is one of th… [+2727 chars]",2025-07-07,-0.0009635813071326993
"{'id': None, 'name': 'Windows Central'}","lowryb3865@gmail.com (Brendan Lowry) , Brendan Lowry","This Xbox controller anti-Prime Day discount is truly a standout — and ""audio features sweeten the deal""","Amazon Prime Day is here, but one of the best Xbox controller deals available right now is actually at Best Buy. Check it out if you need a new gamepad.",https://www.windowscentral.com/gaming/xbox/this-xbox-controller-anti-prime-day-discount-is-truly-a-standout-and-audio-features-sweeten-the-deal,https://cdn.mos.cms.futurecdn.net/fqG2TxLEcpnVTRdZVW9Yfd.jpg,2025-07-08 20:15:00+00:00,"Whether people are in need of a replacement gamepad or they're just looking to expand their arsenal with a backup or two, one thing is certain: Xbox controllers will always be in high demand with Xbo… [+3481 chars]",2025-07-08,-0.0008487520881317323
"{'id': 'the-times-of-india', 'name': 'The Times of India'}",Reuters,Sebi bars Jane Street from accessing its securities market: Reports,The Securities and Exchange Board of India (SEBI) has prohibited Jane Street Group from accessing India's securities market following allegations of market manipulation. SEBI's order restricts the firm from trading securities directly or indirectly. Banks are…,https://economictimes.indiatimes.com/markets/stocks/news/sebi-bars-jane-street-from-accessing-its-securities-market-reports/articleshow/122238432.cms,"https://img.etimg.com/thumb/msid-122238445,width-1200,height-630,imgsize-55738,overlay-etmarkets/articleshow.jpg",2025-07-04 01:27:32+00:00,"(What's moving Sensex and Nifty Track latest market news, stock tips, Budget 2025, Share Market on Budget 2025 and expert advice, on ETMarkets. Also, ETMarkets.com is now on Telegram. For fastest new… [+330 chars]",2025-07-04,-0.9999358242348535
"{'id': 'the-times-of-india', 'name': 'The Times of India'}",ET Now,Weak dollar trend may favor emerging markets amid US deficit concerns: Seth R Freeman,"Seth R Freeman discusses the negative impact of tariffs on Mexico and Europe, highlighting the uncertainty it creates for businesses. Despite tepid market reactions, Freeman suggests lower trading volumes due to summertime may be a factor. He believes gold's …",https://economictimes.indiatimes.com/markets/expert-view/weak-dollar-trend-may-favor-emerging-markets-amid-us-deficit-concerns-seth-r-freeman/articleshow/122430428.cms,"https://img.etimg.com/thumb/msid-122430418,width-1200,height-630,imgsize-40204,overlay-etmarkets/articleshow.jpg",2025-07-14 05:53:45+00:00,"(What's moving Sensex and Nifty Track latest market news, stock tips, Budget 2025, Share Market on Budget 2025 and expert advice, on ETMarkets. Also, ETMarkets.com is now on Telegram. For fastest new… [+330 chars]",2025-07-14,0.9762906851246953
"{'id': 'the-times-of-india', 'name': 'The Times of India'}",Kshitij Anand,"ETMarkets Smart Talk: Fixed income still has a place in FY26 - 15–20% allocation ideal for most, 70% for seniors, says Aamar Deo Singh","Aamar Deo Singh from Angel One suggests fixed income allocation for portfolio stability. He recommends 15-20% for average investors and 70% for senior citizens. Nifty shows resilience despite global tensions. Sectors like financials, defence, and capital good…",https://economictimes.indiatimes.com/markets/expert-view/etmarkets-smart-talk-fixed-income-still-has-a-place-in-fy26-1520-allocation-ideal-for-most-70-for-seniors-says-aamar-deo-singh/articleshow/122337703.cms,"https://img.etimg.com/thumb/msid-122339047,width-1200,height-630,imgsize-236426,overlay-etmarkets/articleshow.jpg",2025-07-10 03:30:00+00:00,"In a market environment where equities often steal the spotlight, fixed income continues to quietly play its crucial role in portfolio constructionespecially for risk-averse investors and retirees.In… [+7732 chars]",2025-07-10,-0.999923540486634
"{'id': 'the-times-of-india', 'name': 'The Times of India'}",ET Now,"Technical setup signals near-term pain, but momentum may return next week: Rahul Sharma","Rahul Sharma of JM Financial Services suggests Nifty futures are range bound. A downward slide is expected, possibly reaching 25,200. Crossing 25,550 could bring fresh momentum. IT sector outlook remains cautious, awaiting TCS results. Banks and financials ar…",https://economictimes.indiatimes.com/markets/expert-view/technical-setup-signals-near-term-pain-but-momentum-may-return-next-week-rahul-sharma/articleshow/122360834.cms,"https://img.etimg.com/thumb/msid-122360785,width-1200,height-630,imgsize-30804,overlay-etmarkets/articleshow.jpg",2025-07-10 08:04:49+00:00,"""So, from a derivative standpoint, 25,000 is a crucial support, whereas from a technical perspective 25,200 is something where we are expecting markets to take support and once we have some positive … [+4681 chars]",2025-07-10,0.976727937348187
"{'id': 'the-times-of-india', 'name': 'The Times of India'}",ETMarkets.com,"Reliance Infrastructure plans fundraising initiative through equity, debt instruments","Reliance Infrastructure aims to bolster its financial standing. The company will raise long-term capital through various financial instruments. A board meeting is scheduled for July 16, 2025, to discuss the capital raising strategy. This includes equity share…",https://economictimes.indiatimes.com/markets/stocks/news/reliance-infrastructure-plans-fundraising-initiative-through-equity-debt-instruments/articleshow/122403793.cms,"https://img.etimg.com/thumb/msid-122403791,width-1200,height-630,imgsize-688970,overlay-etmarkets/articleshow.jpg",2025-07-12 09:51:29+00:00,"Reliance Infrastructure Limited has announced plans to raise long-term capital through multiple financial instruments, signaling a significant fundraising initiative as the company seeks to strengthe… [+2239 chars]",2025-07-12,-0.9990283718216233
"{'id': None, 'name': 'PCWorld'}",Gabriela Vatu,Samsung’s 27-inch 180Hz gaming monitor is down to its cheapest price now,"Are you hoping to nab an excellent monitor at a budget price this summer? Today might be that day. Check out this 27-inch Samsung Odyssey G3 that’s only $130 on Amazon. That’s $100 off its already affordable original price, bringing it down to its best-ever p…",https://www.pcworld.com/article/2833373/samsung-27-inch-180hz-gaming-monitor-is-down-to-its-cheapest-price-now.html,https://www.pcworld.com/wp-content/uploads/2025/07/Samsung-Odyssey-G3-monitor-deal-1.jpg?quality=50&strip=all&w=1024,2025-07-01 14:21:48+00:00,"Skip to contentType your search and hit enter
When you purchase through links in our articles, we may earn a small commission. This doesn't affect our editorial independence
.
Are you hoping to na… [+1654 chars]",2025-07-01,0.9991329362965189
"{'id': None, 'name': 'Creative Bloq'}","joe.foley@futurenet.com (Joe Foley) , Joe Foley",There are just hours left to get our favourite budget monitor for creative work for under $270,This is hands down the best budget display for creative work.,https://www.creativebloq.com/art/digital-art/there-are-just-hours-left-to-get-our-favourite-budget-monitor-for-creative-work-for-under-usd270,https://cdn.mos.cms.futurecdn.net/TUPVpyv47svH2psexzkMpd.jpg,2025-07-11 18:59:12+00:00,"Dell 27 Plus 4K USB-C Monitor :was $349.99now $265.99at AmazonWith 4K resolution, an adjustable anti-glare screen, preset display modes, USB-C and 99% sRGB coverage, we think this display ticks many … [+1149 chars]",2025-07-11,-0.9998730197185068
"{'id': None, 'name': 'Yanko Design'}",Srishti Mitra,Revolutionary Exo-Frame Hammock Tent Lets You Camp Anywhere – No Trees Needed,"Revolutionary Exo-Frame Hammock Tent Lets You Camp Anywhere – No Trees NeededThe Anymaka Hammock Tent is displaying a fundamental shift in how we approach outdoor shelter, liberating campers from the constraints of finding perfectly spaced trees...",https://www.yankodesign.com/2025/07/10/revolutionary-exo-frame-hammock-tent-lets-you-camp-anywhere-no-trees-needed/,https://www.yankodesign.com/images/design_news/2025/07/hammock-tent/anymaka_hammock_tent_yanko_design_01.jpg,2025-07-10 21:30:30+00:00,"The Anymaka Hammock Tent is displaying a fundamental shift in how we approach outdoor shelter, liberating campers from the constraints of finding perfectly spaced trees or suitable anchor points. Thi… [+4392 chars]",2025-07-10,-0.9999243542279146
"{'id': None, 'name': 'Windows Central'}","lowryb3865@gmail.com (Brendan Lowry) , Brendan Lowry",I've loved using this wireless gaming headset since the day I reviewed it — I can't believe it's almost $100 off for Amazon Prime Day,"The gaming headset I use daily is Alienware's Pro Wireless, and it's on sale for almost a full $100 off during Amazon Prime Day.",https://www.windowscentral.com/accessories/headphones/the-gaming-headset-i-reviewed-and-love-is-almost-usd100-off-for-prime-day,https://cdn.mos.cms.futurecdn.net/MMFDqCQFjAKzeFuP4esXwg.jpg,2025-07-10 22:45:09+00:00,"There's a huge variety of different gaming headsets in the industry right now, ranging from more basic and budget-friendly options to premium offerings with large suites of nifty features and even la… [+4167 chars]",2025-07-10,-0.9998232637299225
"{'id': None, 'name': 'GSMArena.com'}",Michail,Baseus brings latest Enercore chargers and powerbanks with retractable USB-C cables,"Originally announced back at CES, Baseus is now bringing its Enercore line of chargers and power banks globally. These come in several sizes with multiple ports, up to 100W charging speeds and max out at 20,000mAh capacities. They also share one common killer…",https://www.gsmarena.com/baseus_brings_latest_enercore_chargers_and_powerbanks_with_retractable_usbc_cables-news-68442.php,https://fdn.gsmarena.com/imgroot/news/25/06/baseus-enercore-chargers-powerbanks-2025-ofic/-952x498w6/gsmarena_000.jpg,2025-07-01 12:21:02+00:00,"Originally announced back at CES, Baseus is now bringing its Enercore line of chargers and power banks globally. These come in several sizes with multiple ports, up to 100W charging speeds and max ou… [+2116 chars]",2025-07-01,-0.768990013642906
"{'id': None, 'name': 'PCWorld'}",Gabriela Vatu,This 1080p Wi-Fi security camera is a steal for just $16 right now,"Whether you’re a parent who wants to keep an eye on your kids even after leaving the room or you’re just worried about your pets chewing on your slippers when left alone, a tiny home security camera will give you peace of mind and help you feel a lot better. …",https://www.pcworld.com/article/2833837/this-1080p-wi-fi-security-camera-is-a-steal-for-just-16-right-now.html,https://www.pcworld.com/wp-content/uploads/2025/07/Tapo-c200-background.jpg?quality=50&strip=all&w=1024,2025-07-01 18:10:27+00:00,"Skip to contentType your search and hit enter
When you purchase through links in our articles, we may earn a small commission. This doesn't affect our editorial independence
.
Whether you’re a par… [+1836 chars]",2025-07-01,-0.9946537485811859
"{'id': 'ign', 'name': 'IGN'}",Scott White,This Prime Day Controller Deal Is Perfect for Your Nintendo Switch 2,"The 8BitDo Ultimate 2 controller, compatible with the Switch 2, Steam Deck, and even your phone, is on sale for Amazon Prime Day.",https://www.ign.com/articles/8bitdo-ultimate-2-bluetooth-nintendo-switch-2-controller-deal-amazon-prime-day-2025,https://assets-prd.ignimgs.com/2025/07/08/8bitdo-ultimate-2-bluetooth-controller-thumb-1751979226624.jpg?width=1280&format=jpg&auto=webp&quality=80,2025-07-08 16:08:30+00:00,"Among third-party controllers, few have the quality and pedigree of 8Bitdo. For this years Amazon Prime Day, the 8Bitdo Ultimate 2 Bluetooth Controller for the Switch, Switch 2, and PC is part of a l… [+1391 chars]",2025-07-08,-0.15002420813107165
"{'id': None, 'name': 'MakeUseOf'}",Tashreef Shareef,Windows 11 Is Barely Usable Until I Add These Essential Mods,Tweak Windows 11 to your wishes.,https://www.makeuseof.com/windows-11-add-essential-mods/,https://static1.makeuseofimages.com/wordpress/wp-content/uploads/wm/2025/02/kandu-app-open-on-the-benq-monitor-1.jpg,2025-07-02 21:00:17+00:00,"Windows 11 may look pretty, but Microsoft's design choices often frustrate rather than make your life easier. These free mods address those shortcomings, turning a barely functional system into a pro… [+8222 chars]",2025-07-02,-0.9988801934523508
"{'id': None, 'name': 'Crooksandliars.com'}",Tengrain,Mike’s Blog Round-Up,"Above, Devo performs, Working in the Coal Mine. Today our bloggers look at the Miracle of The Orange Clown Economy.
In Saner Thought noticed that food prices have gone Up, Up And Away.
Hour Republican Price Hike has a nifty tool to show how our costs have inc…",https://crooksandliars.com/2025/07/mike-s-blog-round-4,https://crooksandliars.com/files/primary_image/25/07/devo.png,2025-07-12 11:25:02+00:00,"Above, Devo performs, Working in the Coal Mine. Today our bloggers look at the Miracle of The Orange Clown Economy.
In Saner Thought noticed that food prices have gone Up, Up And Away.
Hour Republi… [+509 chars]",2025-07-12,-0.9992226902686525
"{'id': None, 'name': 'PC Gamer'}",Hope Corrigan,Missing the nostalgic tactility of VHS? This bring it back with this elegant DIY project using NFC and ESPhome,It'll never be the same without that melting plastic smell.,https://www.pcgamer.com/hardware/missing-the-nostalgic-tactility-of-vhs-this-bring-it-back-with-this-elegant-diy-project-using-nfc-and-esphome/,https://cdn.mos.cms.futurecdn.net/Y2QED7MqrHvTeoyELhRebG.jpg,2025-07-09 05:58:12+00:00,"Nostalgia makes people do crazy things in an effort to rekindle that feeling of warmth from the past. We see all sorts of mods around nostalgic tech, especially for enjoying old media like the swathe… [+2645 chars]",2025-07-09,0.5124497413635254
"{'id': None, 'name': 'XDA Developers'}",Tanveer Singh,Motherboard features I'm never paying extra for,"I'm sure you can make a case for them, but I'm never paying extra for these features.",https://www.xda-developers.com/motherboard-features-not-worth-the-premium/,https://static1.xdaimages.com/wordpress/wp-content/uploads/wm/2024/02/gigabyte-b650-aorus-elite-ax-ice-rear-io-shroud.jpg,2025-07-02 10:00:20+00:00,"""How much should you spend on a motherboard?"" perhaps every PC builder has grappled with this question at least once. The thing is, while motherboards don't directly contribute to your PC's performan… [+5726 chars]",2025-07-02,-0.9970817667199299
"{'id': 'ign', 'name': 'IGN'}",Scott White,Final Fantasy I-VI Pixel Remaster Collection Is on Sale for $44.99 for Prime Day,"You can save $30 on the pixel remasters of the first six Final Fantasy games, for PS4 or Nintendo Switch. They also work on PS5 and Switch 2, respectively.",https://www.ign.com/articles/final-fantasy-i-vi-pixel-remaster-collection-deal-playstation-nintendo-switch-prime-day-2025,https://assets-prd.ignimgs.com/2025/07/08/final-fantasy-collection-1751986354217.png?width=1280&format=jpg&auto=webp&quality=80,2025-07-08 16:45:00+00:00,"Cecil, Terra, Faris, and the rest of the classic Final Fantasy crew are getting in on Prime Day this year, with the Final Fantasy I-V Pixel Remaster Collection seeing a solid 40% discount, bringing t… [+1918 chars]",2025-07-08,-0.9999971187932033
"{'id': None, 'name': 'Kk.org'}",claudia,Outdoor Wear,Tools for Possibilities: issue no. 145,https://kk.org/cooltools/outdoor-wear/,,2025-07-07 16:00:00+00:00,"Cop shirts
5.11 Tactical Shirts
I have five now and plan to get more. The 5.11 does everything I want in terms of comfort and pockets and yet looks dignified enough to serve as duty shirts for poli… [+7712 chars]",2025-07-07,-0.9997337470413186
"{'id': None, 'name': 'Phoronix'}",Michael Larabel,Latest Intel Engineering Layoffs Lead To An Intel Linux Driver Being Orphaned,The latest round of cost-cutting at Intel seems to be having a larger impact on their software engineering efforts than some of their previous rounds of layoffs. In addition to a prominent Linux kernel developer veteran leaving Intel last week where he worked…,https://www.phoronix.com/news/Intel-SLM-Driver-Orphaned,https://www.phoronix.net/image.php?id=2025&image=intel_driver_orphan,2025-07-15 10:38:00+00:00,The latest round of cost-cutting at Intel seems to be having a larger impact on their software engineering efforts than some of their previous rounds of layoffs. In addition to a prominent Linux kern… [+2407 chars],2025-07-15,0.9307128638029099
"{'id': None, 'name': 'PC Gamer'}",Sean Martin,I wish I'd snagged this Seagate Ultra Compact SSD at its cheapest Prime Day price before splurging my cash on non-smol storage,Get masses of memory in a teensy package with this Prime Day SSD deal.,https://www.pcgamer.com/hardware/ssds/i-wish-id-snagged-this-seagate-ultra-compact-ssd-at-its-cheapest-prime-day-price-before-splurging-my-cash-on-non-smol-storage/,https://cdn.mos.cms.futurecdn.net/oFqpDdcMx8TAv5fHtxjR83.jpg,2025-07-08 15:16:21+00:00,"I messed up, dear reader. Just the other month I was searching for a cost-effective way to safely store old pictures, gaming videos, and other nostalgic junk I can peruse in distant years and get mis… [+1604 chars]",2025-07-08,-0.9577921032905579
"{'id': None, 'name': 'Twistedsifter.com'}",Matthew Gilligan,A California Resident Gave TikTok Viewers A Heads-Up About The State’s Real ID Cards,Can they possibly make the Real ID process any more complicated?,http://twistedsifter.com/2025/07/a-california-resident-gave-tiktok-viewers-a-heads-up-about-the-states-real-id-cards/,https://twistedsifter.com/wp-content/uploads/2025/06/ttreadlid.png,2025-07-03 20:48:55+00:00,"TikTok/@sabzkp
I recently tried to book an appointment to get a Real ID where I live in North Carolina, and the appointments for all DMV locations in my area were booked up…FOR SIX MONTHS.
What?!?!… [+1445 chars]",2025-07-03,-0.9999930245721771
"{'id': 'the-times-of-india', 'name': 'The Times of India'}",Himanshi Lohchab and Kairavi Lukka,India's wealthy investors turn to crypto assets as traditional markets stagnate,Wealthy Indians are showing increased interest in crypto assets. They see limited growth potential in traditional investments. High-net-worth individuals and family offices are allocating funds to digital currencies. Bitcoin has reached record highs. Investor…,https://economictimes.indiatimes.com/markets/cryptocurrency/indias-wealthy-investors-turn-to-crypto-assets-as-traditional-markets-stagnate/articleshow/122541028.cms,"https://img.etimg.com/thumb/msid-122541101,width-1200,height-630,imgsize-1298014,overlay-etmarkets/articleshow.jpg",2025-07-15 23:55:46+00:00,"Mumbai: India's wealthy are increasingly taking a shine to crypto assets, a global favourite these days, as they see limited scope for appreciation in traditional favourites like stocks and gold at t… [+3725 chars]",2025-07-15,0.09668341279029846
"{'id': 'ign', 'name': 'IGN'}",Lloyd Coombes,"These Xbox Games Are on Sale for Prime Day, but There’s a Sneaky Game Pass Saving To Be Had, Too",,https://www.ign.com/articles/xbox-games-amazon-prime-day-2025,https://assets-prd.ignimgs.com/2025/06/10/splitfiction-oo-1749597881638.jpg?width=1280&format=jpg&auto=webp&quality=80,2025-07-09 19:00:00+00:00,"Aside from savings on big releases like Assassins Creed: Shadows and Split Fiction, theres a nifty voucher code for Newegg to help you save on Xbox Game Pass Core, too.Core includes titles like Contr… [+2607 chars]",2025-07-09,-0.9994908511289395
"{'id': 'techradar', 'name': 'TechRadar'}",Darren Allan,"If you haven't upgraded to Windows 11 24H2 yet, Microsoft's giving you a good reason to do so - better security",Worried about upgrading to Windows 11 24H2? Microsoft is making it more compelling with a move to tighten security.,https://www.techradar.com/computing/windows/if-you-havent-upgraded-to-windows-11-24h2-yet-microsofts-giving-you-a-good-reason-to-do-so-better-security,https://cdn.mos.cms.futurecdn.net/U7dMRRojnegbmZd7VhQLpW.jpg,2025-07-10 11:39:29+00:00,"<ul><li>Windows 11 24H2 now has better security levels</li><li>This is down to Microsoft improving the scripting engine in the OS</li><li>As a result, hackers will find it more difficult to discover … [+3163 chars]",2025-07-10,-2.0423920332746093e-09
"{'id': None, 'name': 'BusinessLine'}",Gurumurthy K,"Index Outlook: Nifty 50, Sensex, Nifty Bank, Nifty Midcap 150 & Nifty Smallcap 250 can dip before reversing higher","Nifty, Sensex, and Nifty Bank fell below key supports, but medium-term outlook remains bullish with buying opportunities.",https://www.thehindubusinessline.com/portfolio/technical-analysis/index-outlook-be-ready-to-catch/article69803528.ece,https://bl-i.thgim.com/public/news/erzb0c/article69805139.ece/alternates/LANDSCAPE_1200/thumbnail_PO13_net.jpg,2025-07-12 15:59:46+00:00,"Nifty 50 and Sensex fell breaking below their key intermediate supports last week. Both indices were down over a per cent each. Indeed, they were stable and range-bound till Thursday. The major break… [+5669 chars]",2025-07-12,-0.9909111186861992
"{'id': 'buzzfeed', 'name': 'Buzzfeed'}",Emma Lord,"If Your Life Is Feeling A Bit Discombobulated, These 38 Things Can Help Put Things In Order","Your schedule might be chaos on ice, but this nifty purse organizer insert and guided journal will help you keep your feet on the ground.View Entire Post ›",https://www.buzzfeed.com/emmalord9/life-feeling-discombobulated-put-things-in-order-an,"https://img.buzzfeed.com/buzzfeed-static/static/2025-03/21/14/thumb/ScHOPib-Y.jpg?crop=1992:1328;4,0&resize=1250:830",2025-07-14 23:31:02+00:00,"Hover Cover is a small business that specializes in microwave covers for home kitchen use. 
Check out a TikTok of the microwave cover in action. 
Promising review: ""If you live in a small space lik… [+657 chars]",2025-07-14,-0.6363553553819656
"{'id': 'business-insider', 'name': 'Business Insider'}",lsavoie@insider.com (Lauren Savoie),You deserve a mini fan this Prime Day,You don't have to suffer in sweat all summer. This mini fan from Jisulife is $13 for Prime Day and I swear by it for hot days.,https://www.businessinsider.com/guides/deals/prime-day-mini-fan-deal-2025-7,https://i.insider.com/686d37293d5881a51c1cdf7c?width=1200&format=jpeg,2025-07-08 15:43:49+00:00,"It's summer in the city, which to me means one thing: it's mini fan season.
I can't stand being sweaty, and summer presents far too many opportunities for that than I care for. A few years ago, I bo… [+4652 chars]",2025-07-08,-0.9998594734570361
"{'id': None, 'name': 'Prtimes.jp'}",,ニフティ、「＠nifty光 3年プラン（N）10ギガ」にて「月額料金1年分実質0円キャンペーン」を実施,"[ニフティ株式会社]
[画像: https://prcdn.freetls.fastly.net/release_image/23383/384/23383-384-7e8900f0fec5d4adfeb049bf69cc14cd-700x300.png?width=536&quality=85%2C75&format=jpeg&auto=webp&fit=bounds&amp...",https://prtimes.jp/main/html/rd/p/000000384.000023383.html,https://prcdn.freetls.fastly.net/release_image/23383/384/23383-384-7e8900f0fec5d4adfeb049bf69cc14cd-700x300.png?format=jpeg&auto=webp&fit=bounds&width=2400&height=1260,2025-07-01 06:40:02+00:00,"@nifty 3N101071
2025712025831nifty 3N10
11.5nifty34,00025,00051,00037,500nifty101
2025712025831
nifty 10nifty 3N10
nifty 3N10 
34,000
nifty 3N10 
25,000
nifty 10
34,00025,000nifty20nifty 3N… [+3 chars]",2025-07-01,-0.9999076985850479
"{'id': None, 'name': 'Eevblog.com'}","EEVblog, David L. Jones","EEVblog 1695 – Mailbag: Robin RCD Tester, PCB Book, USB Knob, Geekom IT12 Mini PC",More mailbag! 00:00 – Nifty USB Knob from Tiny Little Gadgets https://www.etsy.com/uk/shop/TinyLittleGadgets 03:38 – Reference Circuit PCB books https://www.boltind.com/product-category/reference-circuits-books/ 09:57 – Robin RCD/ELCB Tester 20:57 – Geekom IT…,https://www.eevblog.com/2025/07/16/eevblog-1695-mailbag-robin-rcd-tester-pcb-book-usb-knob-geekom-it12-mini-pc/,https://www.eevblog.com/wp-content/uploads/2025/07/eevblog-1695-mailbag-robin-rcd-t.jpg,2025-07-16 05:27:59+00:00,"No Script, no fear, all opinion!
The EEVblog is the world's biggest engineering blog. An off-the-cuff video blog for Electronics Engineers, hobbyists, hackers and makers.",2025-07-16,-0.999969536072058
"{'id': None, 'name': 'BusinessLine'}",Akhil Nallamuthu,F&O Tracker: Index futures may regain ground,"Analysis of Nifty 50 and Nifty Bank futures and options data, with strategies for traders to hold or buy.",https://www.thehindubusinessline.com/portfolio/commodity-analysis/fo-tracker-index-futures-may-regain-ground/article69776080.ece,https://bl-i.thgim.com/public/news/d0rnt7/article69777592.ece/alternates/LANDSCAPE_1200/thumbnail_PO06_Female%20dancer.jpg,2025-07-05 15:40:49+00:00,"Nifty 50 (25,461) and Nifty Bank (57,032) lost 0.7 per cent each last week. Here is an analysis of the futures and options data of both indices:
Nifty 50
Nifty futures (Jul) (25,540) dropped 0.8 pe… [+3093 chars]",2025-07-05,0.9912675447121728
"{'id': None, 'name': 'BusinessLine'}",Gurumurthy K & Renil  S Varghese,Nifty and Bank nifty prediction for the week 14 Jul’25 to 18 Jul’25 by BL GURU,"Stay calm as Nifty falls, see it as a buying opportunity. Get market insights from BL Portfolio. #Nifty #StockMarket",https://www.thehindubusinessline.com/multimedia/video/nifty-and-bank-nifty-prediction-for-the-week-14-jul25-to-18-jul25-by-bl-guru/article69803874.ece,https://bl-i.thgim.com/public/multimedia/video/wnztex/article69803872.ece/alternates/LANDSCAPE_1200/Portfolio%20Thumbnail%20-%20Business%20Line.jpg,2025-07-12 09:53:51+00:00,"Nifty has declined below the key support level of 25,300. That has opened the doors for the index to fall more. But this is just a correction within the broader uptrend. Also, there are supports to h… [+918 chars]",2025-07-12,-0.9999889454056756
"{'id': None, 'name': 'BusinessLine'}",Akhil Nallamuthu,F&O Tracker: Indices see a pause as momentum slows,"Analysis of Nifty 50 and Nifty Bank futures data, suggesting potential weakness and strategies for traders to consider.",https://www.thehindubusinessline.com/portfolio/commodity-analysis/fo-tracker-indices-see-a-pause-as-momentum-slows/article69803711.ece,https://bl-i.thgim.com/public/news/gj7oat/article69804970.ece/alternates/LANDSCAPE_1200/thumbnail_PO13_hour%20glass.jpg,2025-07-12 15:19:42+00:00,"Nifty 50 (25,150) lost 1.2 per cent last week whereas Nifty Bank (56,755) was down by a lower 0.5 per cent. While the structure of the broader uptrend is undisturbed, some weakness has crept in. Here… [+3142 chars]",2025-07-12,0.9994209724536631
"{'id': None, 'name': 'BusinessLine'}",Akhil Nallamuthu & BL Research Bureau,"Nifty Bank Prediction today – Jul 7, 2025: Index might witness a correction","Nifty Bank index slightly lower, public sector banks outperforming private peers, Nifty Bank futures may see further decline.",https://www.thehindubusinessline.com/portfolio/technical-analysis/nifty-bank-prediction-today-jul-7-2025-index-might-witness-a-correction/article69782333.ece,https://bl-i.thgim.com/public/incoming/kma2cp/article69782339.ece/alternates/LANDSCAPE_1200/PO06_Chart_2.jpg,2025-07-07 05:08:20+00:00,"Nifty Bank index began todays session slightly lower at 56,939 versus Fridays close of 57,032. It is currently hovering around 56,930, down 0.2 per cent. 
The advance/decline ratio stands at 7/5, sh… [+1707 chars]",2025-07-07,-0.9528134018182755
"{'id': None, 'name': 'BusinessLine'}",Gurumurthy K & BL Research Bureau,"Nifty Prediction Today – July 16, 2025: Nifty 50 July Futures: Can go either way. Stay out","Nifty 50 struggling to rise above 25,200, support at 25,135, stay cautious with trade strategy.",https://www.thehindubusinessline.com/portfolio/technical-analysis/nifty-prediction-today-july-16-2025-nifty-50-july-futures-can-go-either-way-stay-out/article69817592.ece,https://bl-i.thgim.com/public/incoming/tomjfc/article69815135.ece/alternates/LANDSCAPE_1200/Stock%20market%20live%20today.jpg,2025-07-16 05:10:31+00:00,"Nifty 50 is trading lower. The index seems to be struggling to get a strong follow-through rise above 25,200. It touched an intraday high of 25,218.95 in the early trades today and has come down from… [+1404 chars]",2025-07-16,-0.9998587607187801
"{'id': None, 'name': 'Android Authority'}",Scott Scrivens,Here’s what I like and dislike about Android’s new Expressive design,"Android's big redesign is coming later this year, so let's take a look at the good, the bad, and the ugly of Google's new design direction.",https://www.androidauthority.com/heres-what-i-like-and-dislike-about-androids-new-expressive-design-3568359/,https://www.androidauthority.com/wp-content/uploads/2025/05/android-16-qpr1-beta-home-screen-hero-1-scaled.jpg,2025-07-08 10:30:04+00:00,"If youve installed the stable version of Android 16 on your Pixel, you might be disappointed to find that the big visual refresh Google announced on May 13 is conspicuous by its absence. An unfortuna… [+10960 chars]",2025-07-08,-0.9994064877973869
"{'id': None, 'name': 'CNA'}",,India's HCLTech slides on lower annual operating margin forecast,"Shares of HCLTech dropped about 4 per cent on Tuesday, a day after India's No. 3 software services provider lowered its annual operating margin forecast, dampening hopes of a rebound in client spending across the sector.HCLTech was the top loser on the benchm…",https://www.channelnewsasia.com/business/indias-hcltech-slides-lower-annual-operating-margin-forecast-5238751,"https://dam.mediacorp.sg/image/upload/s--m4ZQiivD--/fl_relative,g_south_east,l_mediacorp:cna:watermark:2024-04:reuters_1,w_0.1/f_auto,q_auto/c_fill,g_auto,h_676,w_1200/v1/one-cms/core/2025-07-15t042424z_2_lynxmpel6e03f_rtroptp_3_hcl-techno-results.jpg?itok=tLdlO-je",2025-07-15 04:23:42+00:00,"Shares of HCLTech dropped about 4 per cent on Tuesday, a day after India's No. 3 software services provider lowered its annual operating margin forecast, dampening hopes of a rebound in client spendi… [+984 chars]",2025-07-15,0.9999867188580538
"{'id': None, 'name': 'Psychology Today'}",Nancy Darling Ph.D.,Volunteers Volunteer! And It Makes Us Feel Good,"When I say I'm raising my puppy to be a service dog and will give him away, people always ask me how I could do that? The answer is, because that's what altruism is.",https://www.psychologytoday.com/us/blog/thinking-about-kids/202507/volunteers-volunteer-and-it-makes-us-feel-good,https://cdn2.psychologytoday.com/assets/styles/manual_crop_1_91_1_1528x800/public/field_blog_entry_images/2025-07/IMG_1329.jpeg.jpg?itok=HjBhyXhT,2025-07-04 13:38:24+00:00,"I train puppies to be service dogs for Guiding Eyes for the Blind. Today was a sad day - the last time I would see Oswald, my current pup, before he heads for training and begins his new career. 
A … [+3762 chars]",2025-07-04,1.3686360489373328e-08
"{'id': 'techradar', 'name': 'TechRadar'}",Darren Allan,"Windows 11 search just got more powerful courtesy of Copilot - and I think this is a great use of AI, even if there'll still be haters",New AI search tricks help all Windows 11 users catch up with Copilot+ PCs when it comes to swiftly finding the files they need.,https://www.techradar.com/computing/windows/windows-11-search-just-got-more-powerful-courtesy-of-copilot-and-i-think-this-is-a-great-use-of-ai-even-if-therell-still-be-haters,https://cdn.mos.cms.futurecdn.net/hPXVSQQcqxtQVEuKQ2wooD.jpg,2025-07-04 11:35:43+00:00,"<ul><li>A new search ability is rolling out for the Copilot app</li><li>It gives Windows 11 and 10 users an AI-powered search, offering natural language queries</li><li>Copilot can also peek inside f… [+4407 chars]",2025-07-04,-0.00033204223109351005
"{'id': None, 'name': 'BusinessLine'}",KS Badri Narayanan,"Nifty, Sensex to remain weak at open","Domestic markets consolidate with profit taking, analysts cautious ahead of Q1 results, key global events to drive direction.",https://www.thehindubusinessline.com/markets/nifty-sensex-to-remain-weak-at-open/article69766886.ece,https://bl-i.thgim.com/public/incoming/mk64w5/article69758470.ece/alternates/LANDSCAPE_1200/PO11_Chart.jpg,2025-07-03 02:55:07+00:00,Domestic markets are likely to see profit-taking and remain in consolidation mode. Analysts expect another lacklustre day ahead of Q1 results from India Inc that will kick in from next week. Gift Nif… [+1772 chars],2025-07-03,0.9999966048275155
"{'id': 'espn', 'name': 'ESPN'}",Kevin Seifert,Vikings' expectations for Dallas Turner in Year 2,"Turner barely got on the field as a rookie and still has veteran competition to deal with, so how will he make his mark?",https://www.espn.com/nfl/story/_/id/45688530/nfl-minnesota-vikings-dallas-turner-greenard-van-ginkel,https://a.espncdn.com/combiner/i?img=%2Fphoto%2F2025%2F0707%2Fr1515979_1296x729_16%2D9.jpg,2025-07-10 11:23:04+00:00,"EAGAN, Minn. -- If you were looking for indications that the Minnesota Vikings will give linebacker Dallas Turner a bigger role in 2025, OTAs and minicamp were not the place to find them.
NFL rules … [+5792 chars]",2025-07-10,-0.9998862811662548
"{'id': None, 'name': 'Creative Bloq'}","erlingur.einarsson@futurenet.com (Erlingur Einarsson) , Erlingur Einarsson","Hybrid workers like me can have a little lapdesk, as a treat",The Couchmaster Cyworx has fixed my hunched-over sofa-working posture.,https://www.creativebloq.com/tech/chairs-desks/hybrid-workers-like-me-can-have-a-little-lapdesk-as-a-treat,https://cdn.mos.cms.futurecdn.net/rgAgUvwk7GdeNE5WXFdQQ9.jpg,2025-07-05 07:00:00+00:00,"Why you can trust Creative Bloq
Our expert reviewers spend hours testing and comparing products and services so you can choose the best for you. Find out more about how we test.
Six years ago, the … [+5931 chars]",2025-07-05,-0.9982087040552869
"{'id': None, 'name': 'Forbes'}","Matthew MacConnell, Contributor, 
 Matthew MacConnell, Contributor
 https://www.forbes.com/sites/matthewmacconnell/",4 Things You Should Know About The Ford Ranger PHEV,Thinking of buying a Ford Ranger plug-in hybrid? Here are a few things you should know.,https://www.forbes.com/sites/matthewmacconnell/2025/07/14/4-things-you-should-know-about-the-ford-ranger-phev/,https://imageio.forbes.com/specials-images/imageserve/6874e16590fabdfde1be0d93/0x0.jpg?format=jpg&height=900&width=1600&fit=bounds,2025-07-14 10:54:11+00:00,"Ford Ranger PHEV
Ford UK
Ford Ranger PHEV: Plug-in hybrids (PHEV) are taking the world by storm and are a perfect in-between for those not quite ready to dip their toes in electrified waters.
As t… [+4149 chars]",2025-07-14,-0.9996108925261069
"{'id': None, 'name': 'SamMobile'}",Abid Iqbal Shaik,Our complete guide to One UI 8 is out now!,"Samsung’s beta version of Android 16-based One UI 8.0 leaked in April 2025. Since then, we have been testing it on our Galaxy S25 to find new features. Over the last few months, the brand has released a few new beta versions of the software, and we have repor…",https://www.sammobile.com/news/samsung-starts-testing-one-ui-8-galaxy-z-fold-5/,https://www.sammobile.com/wp-content/uploads/2025/05/Welcome-to-One-UI-8-1200x675.jpg,2025-07-11 07:14:22+00:00,"Samsungs beta version of Android 16-based One UI 8.0 leaked in April 2025. Since then, we have been testing it on our Galaxy S25 to find new features. Over the last few months, the brand has released… [+3279 chars]",2025-07-11,-0.9999959117765229
"{'id': None, 'name': 'BusinessLine'}","Gurumurthy K , Rowan Barnett & Bijoy Ghosh",Nifty and Bank Nifty Prediction for the week 07 Jul’25 to 11 Jul’25 by BL GURU,"Despite a shallow decline last week, Nifty’s uptrend remains intact with supports at 25,300 and 25,200. A bounce could target 26,300–26,500. Bank Nifty must hold 56,500 to aim for 58,500, else it may dip to 55,500 before recovery.",https://www.thehindubusinessline.com/multimedia/video/nifty-banknifty-outlook-july-2025/article69776044.ece,https://bl-i.thgim.com/public/multimedia/video/r0y5fl/article69776026.ece/alternates/LANDSCAPE_1200/Portfolio%20Thumbnail%20-%20Business%20Line.png,2025-07-05 10:00:00+00:00,"Nifty has come down last week. However, this fall is shallow. Key supports are there to limit the downside and take the #nifty50 higher again. Overall, the uptrend is still intact. The fall last week… [+1090 chars]",2025-07-05,-0.9999852975511203
"{'id': None, 'name': 'BusinessLine'}",Gurumurthy K & BL Research Bureau,"Nifty Prediction Today – July 14, 2025: Nifty 50 July Futures: Likely to fall more. Go short now and on rise","Nifty 50 trading under pressure, outlook mixed with support at 25,000 and resistance at 25,160. Futures down 0.18%.",https://www.thehindubusinessline.com/portfolio/technical-analysis/nifty-prediction-today-july-14-2025-nifty-50-july-futures-likely-to-fall-more-go-short-now-and-on-rise/article69809629.ece,https://bl-i.thgim.com/public/todays-paper/tp-markets/wbx92k/article69688857.ece/alternates/LANDSCAPE_1200/Global-shocks-aGJLEGCEQG.4.jpg.jpg,2025-07-14 05:11:26+00:00,"Nifty 50 continues to trade under pressure. The index has begun the week on a negative note and is trading lower. It fell to an intraday low of 25,041.90 and has bounced from there. The index is curr… [+1565 chars]",2025-07-14,-0.6042366176843643
"{'id': None, 'name': 'BusinessLine'}",Gurumurthy K & BL Research Bureau,"Nifty Bank Prediction Today – July 14, 2025: Nifty Bank July Futures: Can go either way. Stay out","Nifty Bank index outlook and futures trading in a narrow range, with unclear immediate outlook for traders.",https://www.thehindubusinessline.com/portfolio/technical-analysis/nifty-bank-prediction-today-july-14-2025-nifty-bank-july-futures-can-go-either-way-stay-out/article69809714.ece,https://bl-i.thgim.com/public/incoming/jkgy31/article69809759.ece/alternates/LANDSCAPE_1200/PO11_Chart.jpg,2025-07-14 05:55:15+00:00,"Nifty Bank is stable and flat since the opening today. The index is stuck in a narrow range of 56,653 and 56,896 so far today. Within this range, it is currently trading at 56,735. The advances/decli… [+1161 chars]",2025-07-14,-0.999932854949293
"{'id': None, 'name': 'BusinessLine'}",Gurumurthy K & BL Research Bureau,"Nifty Prediction Today – July 15, 2025: Nifty 50 July Futures: Resistance ahead. Go long only on a break above it.","Nifty 50 outlook: Resistance at 25,180, support at 25,000; trade strategy for futures contract included.",https://www.thehindubusinessline.com/portfolio/technical-analysis/nifty-prediction-today-july-15-2025-nifty-50-july-futures-resistance-ahead-go-long-only-on-a-break-above-it/article69813562.ece,https://bl-i.thgim.com/public/incoming/lucbee/article69659518.ece/alternates/LANDSCAPE_1200/PO01_Chart2.jpg,2025-07-15 05:05:21+00:00,"Nifty 50 is managing to stay higher after witnessed a good bounce in the second half of trading on Monday. The index is currently trading at 25,130, up 0.2 per cent. 
The advances/declines ratio is … [+1319 chars]",2025-07-15,-0.9999617310395479
"{'id': None, 'name': 'PetaPixel'}",Jeremy Gray,How an Award-Winning Pro Photographer Fell Back in Love With Photography,"New York-based photographer Lanna Apisukh has had a fascinating path to professional photography. The talented portrait, food, and documentary photographer has been an elite gymnast, a skateboarder, and worked in the corporate world before finding her footing…",https://petapixel.com/2025/07/11/how-an-award-winning-pro-photographer-fell-back-in-love-with-photography/,https://petapixel.com/assets/uploads/2025/07/lanna-apisukh-featured.jpg,2025-07-11 19:35:18+00:00,"New York-based photographer Lanna Apisukh has had a fascinating path to professional photography. The talented portrait, food, and documentary photographer has been an elite gymnast, a skateboarder, … [+15237 chars]",2025-07-11,-0.601365402340889
"{'id': None, 'name': 'BusinessLine'}",Gurumurthy K & BL Research Bureau,"Nifty Bank Prediction Today – July 03, 2025: Bullish bias. Go long now and on dips","Nifty Bank July Futures can break its resistance at 57,510 and rise to 57,800",https://www.thehindubusinessline.com/portfolio/technical-analysis/nifty-bank-prediction-today-july-03-2025-bullish-bias-go-long-now-and-on-dips/article69767125.ece,https://bl-i.thgim.com/public/incoming/n5we49/article69767168.ece/alternates/LANDSCAPE_1200/PO09_Growth_arrow.jpg,2025-07-03 05:21:10+00:00,"Nifty Bank index is managing to hold above 57,000. The index fell to a low of 56,833.80 on Wednesday and then has risen back from there. It is currently trading at 57,122, up 0.22 per cent. It is now… [+1469 chars]",2025-07-03,-6.054796131138573e-08
"{'id': None, 'name': 'BusinessLine'}",Gurumurthy K & BL Research Bureau,"Nifty Bank prediction today – July 09, 2025: Range-bound with a bullish bias. Go long after a breakout","Nifty Bank index holding above 57,000, potential to rise towards 57,400 with immediate support at 57,100.",https://www.thehindubusinessline.com/portfolio/technical-analysis/nifty-bank-prediction-today-july-09-2025-range-bound-with-a-bullish-bias-go-long-after-a-breakout/article69790441.ece,https://bl-i.thgim.com/public/incoming/2dto72/article69571265.ece/alternates/LANDSCAPE_1200/IMG_PO12_Buy_or_Sell_2_1_FODE0G6B.jpg,2025-07-09 05:29:36+00:00,"Nifty Bank index is managing to hold above 57,000 after having struggled to breach this psychological level since the second half last week. It is currently trading at 57,141, down 0.2 per cent for t… [+1332 chars]",2025-07-09,-0.5843982100486755
"{'id': None, 'name': 'Madshrimps.be'}",Stefan,"A stylish shooter, occult Solitaire and other new indie games worth checking out","Welcome to our latest roundup of indie game news and releases. We’ve got some nifty stuff lined up for you this time around, including a stylish co-op shooter and a very cool Metroidvania concept. But first I’d like to bring your attention to a newish game I …",https://www.madshrimps.be/news/a-stylish-shooter-occult-solitaire-and-other-new-indie-games-worth-checking-out/,,2025-07-14 05:17:48+00:00,"Welcome to our latest roundup of indie game news and releases. We’ve got some nifty stuff lined up for you this time around, including a stylish co-op shooter and a very cool Metroidvania concept. Bu… [+200 chars]",2025-07-14,-0.9995049265271518
"{'id': None, 'name': 'BusinessLine'}",Gurumurthy K & BL Research Bureau,"Nifty prediction today – July 11, 2025: Breaks a crucial support. Go short","Nifty 50 trading lower due to weak results, must rise above 25,300 to avoid further decline.",https://www.thehindubusinessline.com/portfolio/technical-analysis/nifty-prediction-today-july-11-2025-breaks-a-crucial-support-go-short/article69799054.ece,https://bl-i.thgim.com/public/incoming/xmd473/article69656026.ece/alternates/LANDSCAPE_1200/PO09_Buy_sell_dices.jpg,2025-07-11 04:54:38+00:00,"Nifty 50 opened the day with a wide gap-down and is trading lower. Weak quarterly results, especially from TCS is weighing on the market sentiment. Nifty is currently trading at 25,266 down 0.35 per … [+1254 chars]",2025-07-11,-0.9278032893198542
"{'id': None, 'name': 'BusinessLine'}",Gurumurthy K & BL Research Bureau,"Nifty Prediction Today – July 09, 2025: Resistance ahead. Go long on a break above it","Nifty 50 July Futures contract can rise to 25,800 on a break above 25,670",https://www.thehindubusinessline.com/portfolio/technical-analysis/nifty-prediction-today-july-09-2025-resistance-ahead-go-long-on-a-break-above-it/article69790355.ece,https://bl-i.thgim.com/public/incoming/qfkepn/article69790364.ece/alternates/LANDSCAPE_1200/PO06_Chart_2.jpg,2025-07-09 05:00:04+00:00,"Nifty 50 is trading flat. The index saw a good rise in the in the second half of trading on Tuesday. Nifty dipped to a low of 25,472 in the early trades and has bounced back from there. It is current… [+1473 chars]",2025-07-09,-0.9997784060687991
"{'id': None, 'name': 'BusinessLine'}",Gurumurthy K & BL Research Bureau,"Nifty prediction today – July 10, 2025: Support to decide the next move. Stay away.","Nifty 50 outlook: Trading range 25,400-25,550, potential support at 25,370, resistance at 25,520, stay cautious.",https://www.thehindubusinessline.com/portfolio/technical-analysis/nifty-prediction-today-july-10-2025-support-to-decide-the-next-move-stay-away/article69794911.ece,https://bl-i.thgim.com/public/incoming/cjodmf/article69427120.ece/alternates/LANDSCAPE_1200/IMG_13thBUY_ORSELL_2_1_55A1EP0K.jpg,2025-07-10 05:00:20+00:00,"Nifty 50 has been stuck in a narrow range since the beginning of this week. The trading range has been 25,400-25,550. Within this range the contract is currently trading near the lower end of the ran… [+1205 chars]",2025-07-10,-0.9988524108193815
"{'id': None, 'name': 'BusinessLine'}",Akhil Nallamuthu & BL Research Bureau,"Nifty prediction today – Jul 1, 2025: Index set to rebound","Nifty 50 opened today’s session higher at 25,551 against yesterday’s close of 25,517. It inched up after opening and is currently hovering around 25,585, up 0.3 per cent.",https://www.thehindubusinessline.com/portfolio/technical-analysis/nifty-prediction-today-jul-1-2025-index-set-to-rebound/article69758432.ece,https://bl-i.thgim.com/public/incoming/lqkzbc/article69758470.ece/alternates/LANDSCAPE_1200/PO11_Chart.jpg,2025-07-01 04:51:40+00:00,"Nifty 50 opened todays session higher at 25,551 against yesterdays close of 25,517. It inched up after opening and is currently hovering around 25,585, up 0.3 per cent.
The advance/decline ratio ind… [+1403 chars]",2025-07-01,-0.9146810965612531
"{'id': None, 'name': 'BusinessLine'}",KS Badri Narayanan,"Firm opening seen for Nifty, Sensex on July 2","Stock markets in consolidation phase, Nifty at 25,670 signals positive opening, analysts expect profit booking, global cues to guide.",https://www.thehindubusinessline.com/markets/firm-opening-seen-for-nifty-sensex-on-july-2/article69762641.ece,https://bl-i.thgim.com/public/incoming/dk3jab/article69759551.ece/alternates/LANDSCAPE_1200/IMG_PO16_Candle_2_2_1_GTE482N4.jpg,2025-07-02 02:45:45+00:00,"Stock markets are likely to remain in consolidation phase. Gift Nifty at 25,670 signals another positive opening for the Indian markets. Analysts expect profit-booking to keep the market under check.… [+2582 chars]",2025-07-02,-0.9999455361303262
"{'id': None, 'name': 'BusinessLine'}",PTI,"Sensex, Nifty down nearly 1% on selling in IT, auto stocks","Sensex and Nifty decline nearly 1% amid heavy selling in IT, auto, and energy stocks, impacted by global uncertainties.",https://www.thehindubusinessline.com/markets/sensex-nifty-down-nearly-1-on-selling-in-it-auto-stocks/article69800116.ece,https://bl-i.thgim.com/public/incoming/v0t4o4/article69798821.ece/alternates/LANDSCAPE_1200/stock%20market%20graph.jpg,2025-07-11 11:17:57+00:00,"Key benchmark indices Sensex and Nifty declined for the third session in a row on Friday, dropping nearly 1 per cent, dragged by heavy selling in IT, auto and energy stocks.
Tariff-related uncertain… [+2609 chars]",2025-07-11,0.9995626345044002
"{'id': None, 'name': 'BusinessLine'}",Gurumurthy K & BL Research Bureau,"Nifty Bank Prediction Today – July 11, 2025: Likely to fall more. Go short","Bearish outlook for Nifty Bank index, with potential fall to 56,600; traders advised to go short at 56,925.",https://www.thehindubusinessline.com/portfolio/technical-analysis/nifty-bank-prediction-today-july-11-2025-likely-to-fall-more-go-short/article69799122.ece,https://bl-i.thgim.com/public/incoming/vpifbe/article69799124.ece/alternates/LANDSCAPE_1200/PO11_Chart.jpg,2025-07-11 05:23:47+00:00,"Nifty Bank index has declined below the key support level of 57,000, which was limiting the downside almost all through the week. The index is now currently trading at 56,745, down 0.38 per cent. The… [+1295 chars]",2025-07-11,-0.14230608940124512
"{'id': None, 'name': 'BusinessLine'}",Gurumurthy K & BL Research Bureau,"Nifty Bank Prediction Today – July 15, 2025: Nifty Bank July Futures: Crucial intraday resistance coming. Wait for breakout to go long","Nifty Bank index shows early strength, potential bullish move if support at 56,960 holds, resistance at 57,350 tested.",https://www.thehindubusinessline.com/portfolio/technical-analysis/nifty-bank-prediction-today-july-15-2025-nifty-bank-july-futures-crucial-intraday-resistance-coming-wait-for-breakout-to-go-long/article69813631.ece,https://bl-i.thgim.com/public/incoming/pp7znv/article69813673.ece/alternates/LANDSCAPE_1200/PO16_Rising_chart.jpg,2025-07-15 05:40:33+00:00,"Nifty Bank index has bounced well in the early trades today. The index is currently trading at 57,065, up 0.52 per cent. The advances/declines ratio is at 11:1. Barring the IDFC First Bank (down 1.3 … [+1374 chars]",2025-07-15,-0.9957806314341724
"{'id': None, 'name': 'BusinessLine'}",PTI,Markets trade lower in early trade ahead of TCS earnings,"Market cautious due to tariff uncertainty, Sensex and Nifty dip, with TCS earnings to kick off results season.",https://www.thehindubusinessline.com/markets/markets-trade-lower-in-early-trade-ahead-of-tcs-earnings/article69794883.ece,https://bl-i.thgim.com/public/incoming/w6h10i/article69794896.ece/alternates/LANDSCAPE_1200/PO02_Market_crash.jpg,2025-07-10 04:49:39+00:00,"Benchmark indices Sensex and Nifty were trading lower in early trade on Thursday as investors stayed on the sidelines ahead of the start of earnings season, with IT major TCS scheduled to announce it… [+2162 chars]",2025-07-10,0.9993329054559581
"{'id': None, 'name': 'BusinessLine'}",Gurumurthy K & BL Research Bureau,"Nifty Prediction Today – July 04, 2025: Support holds but the bounce lacks strength. Stay out.","Nifty 50 trading lower, crucial support at 25,400, resistance at 25,500, futures at 25,500, stay cautious in market.",https://www.thehindubusinessline.com/portfolio/technical-analysis/nifty-prediction-today-july-04-2025-support-holds-but-the-bounce-lacks-strength-stay-out/article69771392.ece,https://bl-i.thgim.com/public/incoming/cmytxy/article69771397.ece/alternates/LANDSCAPE_1200/PO16_Rising_chart.jpg,2025-07-04 04:43:57+00:00,"Nifty 50 continues to trade lower. The index has been coming down all through the week. The index is currently trading flat at 25,400. An intraday low of 25,370 has been seen so far during the day. T… [+1227 chars]",2025-07-04,0.9376981351524591
"{'id': None, 'name': 'BusinessLine'}",Akhil Nallamuthu & BL Research Bureau,"Nifty Bank Prediction today – Jul 8, 2025: Index looks positive, consider longs","Nifty Bank index rises 0.4%, private banks outperforming public sector peers, futures likely to rally to 58,000.",https://www.thehindubusinessline.com/portfolio/technical-analysis/nifty-bank-prediction-today-jul-8-2025-index-looks-positive-consider-longs/article69786323.ece,https://bl-i.thgim.com/public/incoming/ry57qr/article69740007.ece/alternates/LANDSCAPE_1200/PO19_Coins_stack_chart.jpg,2025-07-08 05:18:07+00:00,"Nifty Bank index began todays session almost flat at 56,943 versus yesterdays close of 56,949. It moved up after opening and is currently hovering around 57,180, up 0.4 per cent.
The advance/decline… [+1474 chars]",2025-07-08,-7.470761318018049e-05
"{'id': None, 'name': 'BusinessLine'}",Gurumurthy K & BL Research Bureau,"Nifty Prediction Today – July 03, 2025: Resistance ahead. Go long on a break above it","Nifty 50 index bouncing back slowly, trading at 25,540, with support at 25,400; potential rise to 25,700-25,750.",https://www.thehindubusinessline.com/portfolio/technical-analysis/nifty-prediction-today-july-03-2025-resistance-ahead-go-long-on-a-break-above-it/article69767032.ece,https://bl-i.thgim.com/public/incoming/bywwtg/article69767041.ece/alternates/LANDSCAPE_1200/IMG_Market_Reactions_at__9_1_57E0B75N.jpg,2025-07-03 04:48:29+00:00,"Nifty 50 is attempting to bounce back after witnessing a fall, though at a slow pace, since the beginning of the week. The index is currently trading at 25,540, up 0.34 per cent. The support at 25,40… [+1296 chars]",2025-07-03,-0.999895362983807
"{'id': None, 'name': 'BusinessLine'}",Gurumurthy K & BL Research Bureau,"Nifty prediction today – July 02, 2025: Supports coming up. Go long on dips","Nifty 50 trading stable around 25,500-25,600, with potential for a bounce back from 25,550 support level.",https://www.thehindubusinessline.com/portfolio/technical-analysis/nifty-prediction-today-july-02-2025-supports-coming-up-go-long-on-dips/article69762894.ece,https://bl-i.thgim.com/public/incoming/lyuw6n/article69540984.ece/alternates/LANDSCAPE_1200/PO09_Buy_sell_dices.jpg,2025-07-02 05:15:31+00:00,"Nifty 50 is trading lower but stable below 25,600. The price action indicates that the index is stuck in a narrow range between 25,500 and 25,600. Within this range, it is currently trading at 25,527… [+1489 chars]",2025-07-02,-0.999921120599538
"{'id': None, 'name': 'BusinessLine'}",Gurumurthy K & BL Research Bureau,"Nifty Bank prediction today – July 10, 2025: Stuck in a narrow range.","Nifty Bank index hovers around 57,250 with support at 57,100 and resistance at 57,500, awaiting a breakout for direction.",https://www.thehindubusinessline.com/portfolio/technical-analysis/nifty-bank-prediction-today-july-10-2025-stuck-in-a-narrow-range/article69794963.ece,https://bl-i.thgim.com/public/incoming/84khnm/article69711880.ece/alternates/LANDSCAPE_1200/PO16_Buy_sell_dice.jpg,2025-07-10 05:20:22+00:00,"Nifty Bank index is sustaining above 57,000 but is not getting strong follow-through rise. The index touched a low of 57,134 in the early trades and has bounced from there. It is currently trading at… [+1231 chars]",2025-07-10,0.8917774744331837
"{'id': None, 'name': 'BusinessLine'}",Gurumurthy K & BL Research Bureau,"Nifty Prediction Today – July 07, 2025: Can go either way. Stay out of the market","Nifty 50 July Futures contract has to breakout on either side of 25,460-25,630 to give clarity on the next direction of move",https://www.thehindubusinessline.com/portfolio/technical-analysis/nifty-prediction-today-july-07-2025-can-go-either-way-stay-out-of-the-market/article69782331.ece,https://bl-i.thgim.com/public/incoming/iyvww1/article69782334.ece/alternates/LANDSCAPE_1200/PO01_Chart2.jpg,2025-07-07 05:04:06+00:00,"Nifty 50 seems to be struggling to get strong buyers to take it higher. The index touched an intraday high of 25,489.90 and has come down from there. It is currently trading at 25.425, down 0.14 per … [+1250 chars]",2025-07-07,-0.9966352378251031
"{'id': None, 'name': 'BusinessLine'}",Gurumurthy K & BL Research Bureau,"Nifty Bank Prediction Today – July 01, 2025: Hovers above a crucial support. Stay out for now","Nifty Bank July Futures contract has to sustain above 57,400 to rise back to 57,650 and avoid the fall to 57,200",https://www.thehindubusinessline.com/portfolio/technical-analysis/nifty-bank-prediction-today-july-01-2025-hovers-above-a-crucial-support-stay-out-for-now/article69758511.ece,https://bl-i.thgim.com/public/incoming/9jr87t/article69644474.ece/alternates/LANDSCAPE_1200/IMG_06PP_stocks_2_1_3JA42BIB.jpg,2025-07-01 05:08:31+00:00,"Nifty Bank index is trading lower. It looks like the index is not getting a strong follow-through buying after witnessing a strong rise last week. Nifty Bank index is currently trading at 57,200, dow… [+1354 chars]",2025-07-01,-0.903664618730545
"{'id': 'the-times-of-india', 'name': 'The Times of India'}",Riya Sharma,"How Jane Street targeted over 40 Nifty, Nifty Bank stocks in expiry-day trades","Sebi has barred U.S. trading firm Jane Street and affiliates from Indian markets for manipulating index levels on expiry days, booking illegal gains of Rs 4,840 crore through trades in over 40 Nifty and Bank Nifty stocks.",https://economictimes.indiatimes.com/markets/stocks/news/how-jane-street-targeted-over-40-nifty-nifty-bank-stocks-in-expiry-day-trades/articleshow/122261518.cms,"https://img.etimg.com/thumb/msid-122261519,width-1200,height-630,imgsize-106719,overlay-etmarkets/articleshow.jpg",2025-07-05 04:49:27+00:00,"U.S. trading firm Jane Street Group allegedly manipulated Indian equity indices by targeting over 40 constituent stocks of the Nifty 50 and Bank Nifty, deploying aggressive expiry-day strategies that… [+5652 chars]",2025-07-05,-0.999997705517444
"{'id': 'the-times-of-india', 'name': 'The Times of India'}",ETMarkets.com,"Bullish setup for Nifty, Bank Nifty; pharma, oil & gas to remain in focus: Rajesh Palviya","Rajesh Palviya of Axis Securities sees bullish momentum continuing as Nifty holds above key support. Pharma, oil & gas, and capital goods are showing strong breakouts. Glenmark and Reliance are top picks. Meanwhile, Trent may consolidate between Rs 5,000–Rs 6…",https://economictimes.indiatimes.com/markets/expert-view/bullish-setup-for-nifty-bank-nifty-pharma-oil-gas-to-remain-in-focus-rajesh-palviya/articleshow/122266989.cms,"https://img.etimg.com/thumb/msid-122266987,width-1200,height-630,imgsize-16094,overlay-etmarkets/articleshow.jpg",2025-07-05 11:08:18+00:00,"(What's moving Sensex and Nifty Track latest market news, stock tips, Budget 2025, Share Market on Budget 2025 and expert advice, on ETMarkets. Also, ETMarkets.com is now on Telegram. For fastest new… [+330 chars]",2025-07-05,-3.981051648338507e-07
"{'id': None, 'name': 'BusinessLine'}",Gurumurthy K,Index Outlook: A blip before the rise,"Indian benchmark indices show shallow fall, positive sentiment, and potential for bullish uptrend with FPIs buying equities.",https://www.thehindubusinessline.com/portfolio/technical-analysis/index-outlook-a-blip-before-the-rise/article69775744.ece,https://bl-i.thgim.com/public/news/dquj6y/article69777593.ece/alternates/LANDSCAPE_1200/thumbnail_PO06_Art%20collage.jpg,2025-07-05 15:40:27+00:00,"Nifty 50, Sensex and the Nifty Bank fell last week. However, this fall looks shallow. That indicates the absence of strong sellers in the market to drag the indices sharply lower. It also suggests th… [+6001 chars]",2025-07-05,0.9993062547582667
"{'id': None, 'name': 'PC Gamer'}",Sponsored,Stuck in a Game? Here’s how the Samsung Galaxy S25 can help you break through,Finally a phone that fulfills its potential as a vital gaming accessory.,https://www.pcgamer.com/games/stuck-in-a-game-heres-how-the-samsung-galaxy-s25-can-help-you-break-through/,https://cdn.mos.cms.futurecdn.net/XrE5FjHkx9AdtpZpVPgXi6.jpg,2025-07-15 15:09:50+00:00,"Whether you're hopelessly battering your head against a tragic yet formidable boss in a soulslike, or trying to fine-tune your sniping in muggy extraction shooter Hunt: Showdown, there are few games … [+4116 chars]",2025-07-15,-0.9994464303890709
"{'id': 'techradar', 'name': 'TechRadar'}",Darren Allan,New Windows 11 update delivers a host of new features and fixes - here are 4 things I'm looking forward to,"The July update has arrived, and it boasts quite a number of new features, as well as important fixes for gamers.",https://www.techradar.com/computing/windows/new-windows-11-update-delivers-a-host-of-new-features-and-fixes-here-are-4-things-im-looking-forward-to,https://cdn.mos.cms.futurecdn.net/NP8iicQmRTUYwFfMaZSw99.jpg,2025-07-09 11:31:42+00:00,"<ul><li>Windows 11's July update is now out</li><li>It offers quite a number of new features and tweaks</li><li>There are also some important fixes, particularly for gamers</li></ul>
Windows 11 24H2… [+5667 chars]",2025-07-09,-0.9348103517404525
"{'id': None, 'name': 'Independent.ie'}",Meadhbh McGrath,Stay cool: 13 nifty things to help you survive during the hot weather,"We’re in line for a hot stretch this weekend, with temperatures set to soar as high as 28C in the coming days.",https://www.independent.ie/life/stay-cool-13-nifty-things-to-help-you-survive-during-the-hot-weather/a91827455.html,https://focus.independent.ie/thumbor/c-FxPfUDJSSPtia7LJEeCl8c6eE=/629x460/smart/prod-mh-ireland/4122251f-e8c1-4af1-b001-a7917ae07179/a571ad79-4266-41dc-8c16-86f39d7daa78/paholic%20for%20web%20%285%29.jpg,2025-07-10 04:30:00+00:00,"Whether youre handling a steamy commute, attempting to sleep or trying to get anything done without air conditioning, weve rounded up some tools to beat the heat
Were in line for a hot stretch this … [+193 chars]",2025-07-10,-0.08944753743708134
"{'id': None, 'name': 'BusinessLine'}",PTI,JioBlackRock Asset Management gets Sebi's nod to launch 4 mutual fund schemes,"JioBlackRock launches four mutual fund schemes with ₹17,800 crore investment, approved by Sebi, including equity and debt funds.",https://www.thehindubusinessline.com/companies/jioblackrock-asset-management-gets-sebis-nod-to-launch-4-mutual-fund-schemes/article69818371.ece,https://bl-i.thgim.com/public/incoming/6b6hbd/article69818394.ece/alternates/LANDSCAPE_1200/2025-06-30T162817Z_1650071784_RC23DFALDM9U_RTRMADP_3_USA-DEBT-BLACKROCK.JPG,2025-07-16 09:52:03+00:00,"JioBlackRock Asset Management, a 50:50 joint venture between Jio Financial Services and BlackRock, has received markets regulator Sebi's approval to launch four mutual fund schemes.
 These funds are… [+811 chars]",2025-07-16,-0.9996821460517822
"{'id': None, 'name': 'BusinessLine'}",Akhil Nallamuthu & BL Research Bureau,"Nifty Bank Prediction today – Jul 16, 2025: Index may consolidate, stay out","Nifty Bank index opened today’s session slightly higher at 57,111 versus yesterday’s close of 57,007. It is currently hovering around 57,050.",https://www.thehindubusinessline.com/portfolio/technical-analysis/nifty-bank-prediction-today-jul-16-2025-index-may-consolidate-stay-out/article69817618.ece,https://bl-i.thgim.com/public/incoming/wh67dc/article69817648.ece/alternates/LANDSCAPE_1200/PO06_Chart_2.jpg,2025-07-16 05:23:20+00:00,"Nifty Bank index opened todays session slightly higher at 57,111 versus yesterdays close of 57,007. It is currently hovering around 57,050.
The advance/decline ratio stands at 9/3, showing a bullish… [+1803 chars]",2025-07-16,-0.9999874731411182
"{'id': None, 'name': 'Forbes'}","Michael Teo Van Runkle, Contributor, 
 Michael Teo Van Runkle, Contributor
 https://www.forbes.com/sites/michaelvanrunkle/",Test-Driving The McLaren Artura With 2025 Model Year Updates,"For 2025, McLaren's Artura receives a series of tweaks to increase power and improve handling without sacrificing this plug-in hybrid's unique supercar status.",https://www.forbes.com/sites/michaelvanrunkle/2025/06/30/test-driving-the-mclaren-artura-with-2025-model-year-updates/,https://imageio.forbes.com/specials-images/imageserve/68631e04c80956a541321e88/0x0.jpg?format=jpg&height=900&width=1600&fit=bounds,2025-07-01 00:38:50+00:00,"Dihedral doors highlight the Artura's exotic nature almost as much as the hybridized V6 powertrain.
Michael Teo Van Runkle
For model year 2025, the McLaren Artura lineup receives updates that origi… [+6599 chars]",2025-07-01,-0.997066690462816
"{'id': None, 'name': 'BusinessLine'}",Gurumurthy K & BL Research Bureau,"Nifty Bank Prediction Today – July 02, 2025: Room to fall more. Make use of it to go long","Nifty Bank index has been stuck between 57,150 and 57,630 since the beginning of this week. Within this range, the index is now trading near the lower end at 57,235, down 0.39 per cent.",https://www.thehindubusinessline.com/portfolio/technical-analysis/nifty-bank-prediction-today-july-02-2025-room-to-fall-more-make-use-of-it-to-go-long/article69762965.ece,https://bl-i.thgim.com/public/incoming/wwvwhu/article69762979.ece/alternates/LANDSCAPE_1200/PO22_Highrun_market.jpg,2025-07-02 05:33:46+00:00,"Nifty Bank index has been stuck between 57,150 and 57,630 since the beginning of this week. Within this range, the index is now trading near the lower end at 57,235, down 0.39 per cent.
Nifty Bank o… [+1183 chars]",2025-07-02,-0.9999526591036556
"{'id': None, 'name': 'BusinessLine'}",Gurumurthy K & BL Research Bureau,"Nifty Prediction Today – July 08, 2025: Stuck in a narrow range. Stay out of the market","A breakout on either side of 25,450 or 25,600 is needed to get clarity on the next move in Nifty July Futures",https://www.thehindubusinessline.com/portfolio/technical-analysis/nifty-prediction-today-july-08-2025-stuck-in-a-narrow-range-stay-out-of-the-market/article69786292.ece,https://bl-i.thgim.com/public/incoming/9bk994/article69786296.ece/alternates/LANDSCAPE_1200/PO06_Candle_jump.jpg,2025-07-08 05:01:05+00:00,"Nifty 50 is stuck in a narrow range since yesterday. It has been oscillating between 25,400 and 25,500. Within this range, the index is currently trading at 25,450, down marginally by 0.05 per cent. … [+1483 chars]",2025-07-08,0.7568823993206024
"{'id': 'the-times-of-india', 'name': 'The Times of India'}",Riya Sharma,"Jane Street ran the biggest Nifty Bank options bets, SEBI says after Rs 4,840 crore freeze order","SEBI barred Jane Street from Indian markets for allegedly manipulating Nifty Bank and Nifty 50 indices to earn Rs 4,840 crore in unlawful gains. The firm held the largest bearish positions in Nifty Bank options, misleading retail investors. NSE had closed its…",https://economictimes.indiatimes.com/markets/stocks/news/jane-street-ran-the-biggest-nifty-bank-options-bets-sebi-says-after-rs-4840-crore-freeze-order/articleshow/122248363.cms,"https://img.etimg.com/thumb/msid-122248419,width-1200,height-630,imgsize-55738,overlay-etmarkets/articleshow.jpg",2025-07-04 10:33:38+00:00,"Jane Street Group held the largest positions in Nifty Bank options among all market participants, the Securities and Exchange Board of India (SEBI) said on Friday, as it defended its sweeping action … [+4526 chars]",2025-07-04,-0.9999053213541629
